"NSE","R2","RMSE","PBIAS"
0.389891234676287,0.397220367769825,0.509045667948533,-3.8
