"NSE","R2","RMSE","PBIAS"
0.25702254384398,0.428982621854614,0.906386713287458,-16.9
