"NSE","R2","RMSE","PBIAS"
0.453058379914389,0.651814933458262,0.772885855435249,-24.1
