"NSE","R2","RMSE","PBIAS"
0.475858479321565,0.626848960329629,0.548835909948859,3.2
