"NSE","R2","RMSE","PBIAS"
0.813561465419389,0.81512241391543,0.992587414300562,2.4
